{
  "elapsed_sec": 0.8908,
  "response": {
    "status": "ok",
    "request_id": "b04d9f0c-870f-4885-9ab1-f17bd9e778a9",
    "objects": [
      {
        "name": "red cup",
        "pose_full": [
          [
            -0.4666616916656494,
            -0.02184446156024933,
            0.8841660022735596,
            0.05364406108856201
          ],
          [
            -0.3512309193611145,
            -0.912907600402832,
            -0.20793378353118896,
            0.030785495415329933
          ],
          [
            0.811704158782959,
            -0.4075812101364136,
            0.418346643447876,
            0.260625958442688
          ],
          [
            0.0,
            0.0,
            0.0,
            1.0
          ]
        ],
        "pose": [
          [
            -0.4666616916656494,
            -0.02184446156024933,
            0.8841660022735596,
            0.05364406108856201
          ],
          [
            -0.3512309193611145,
            -0.912907600402832,
            -0.20793378353118896,
            0.030785495415329933
          ],
          [
            0.811704158782959,
            -0.4075812101364136,
            0.418346643447876,
            0.260625958442688
          ],
          [
            0.0,
            0.0,
            0.0,
            1.0
          ]
        ],
        "length": [
          0.06837962567806244,
          0.062266550958156586,
          0.09396031498908997
        ],
        "obj_id": [
          1,
          1
        ],
        "box_id": 1
      },
      {
        "name": "toy car",
        "pose_full": [
          [
            -0.18148589134216309,
            -0.006683409214019775,
            0.983370840549469,
            -0.07662000507116318
          ],
          [
            -0.4704347848892212,
            -0.8775432109832764,
            -0.09278519451618195,
            0.03668346628546715
          ],
          [
            0.863570511341095,
            -0.479451060295105,
            0.15611755847930908,
            0.31388673186302185
          ],
          [
            0.0,
            0.0,
            0.0,
            1.0
          ]
        ],
        "pose": {
          "translation": {
            "z": 0.31388673186302185
          },
          "rotation_axes": {
            "z": [
              0.983370840549469,
              -0.09278519451618195,
              0.15611755847930908
            ]
          }
        },
        "length": [
          0.06434774398803711,
          0.017297474667429924,
          0.03353351354598999
        ],
        "obj_id": [
          2,
          2
        ],
        "box_id": 2
      },
      {
        "name": "toy car",
        "pose_full": [
          [
            0.01566237211227417,
            -0.06562860310077667,
            -0.997721254825592,
            -0.16112719476222992
          ],
          [
            0.4195854961872101,
            -0.9053034782409668,
            0.06613622605800629,
            0.03508462384343147
          ],
          [
            -0.9075807332992554,
            -0.4196651875972748,
            0.01335752010345459,
            0.32963964343070984
          ],
          [
            0.0,
            0.0,
            0.0,
            1.0
          ]
        ],
        "pose": {
          "translation": {
            "z": 0.32963964343070984
          },
          "rotation_axes": {
            "z": [
              -0.997721254825592,
              0.06613622605800629,
              0.01335752010345459
            ]
          }
        },
        "length": [
          0.07849786430597305,
          0.020166244357824326,
          0.03454619273543358
        ],
        "obj_id": [
          3,
          3
        ],
        "box_id": 3
      },
      {
        "name": "toy car",
        "pose_full": [
          [
            -0.05756568908691406,
            -0.05224180594086647,
            0.9969738721847534,
            -0.010818153619766235
          ],
          [
            -0.4138008654117584,
            -0.9075593948364258,
            -0.07144946604967117,
            0.036052461713552475
          ],
          [
            0.9085455536842346,
            -0.41666170954704285,
            0.030626535415649414,
            0.30479395389556885
          ],
          [
            0.0,
            0.0,
            0.0,
            1.0
          ]
        ],
        "pose": {
          "translation": {
            "z": 0.30479395389556885
          },
          "rotation_axes": {
            "z": [
              0.9969738721847534,
              -0.07144946604967117,
              0.030626535415649414
            ]
          }
        },
        "length": [
          0.053181376308202744,
          0.024089377373456955,
          0.02699168398976326
        ],
        "obj_id": [
          4,
          4
        ],
        "box_id": 4
      }
    ],
    "elapsed_sec": 0.1448
  }
}